{
	"groups": [
		{
			"keys": "bg_jpg,egret_icon_png,description_json,button_down_png,button_up_png,bigSheep_png,middleSheep_png,neutralitySheep_png,smallSheep_png,vegetables_png,wolf_png,bigSheep2_png,middleSheep2_png,neutralitySheep2_png,smallSheep2_png,vegetables2_png,wolf2_png,checkbox_select_disabled_png,checkbox_select_down_png,checkbox_select_up_png,checkbox_unselect_png,selected_png,border_png,header_png,thumb_pb_png,track_pb_png,radiobutton_select_disabled_png,radiobutton_select_down_png,radiobutton_select_up_png,radiobutton_unselect_png,roundthumb_png,track_sb_png,thumb_png,track_png,tracklight_png,handle_png,off_png,on_png",
			"name": "preload"
		}
	],
	"resources": [
		{
			"url": "assets/bg.jpg",
			"type": "image",
			"name": "bg_jpg"
		},
		{
			"url": "assets/egret_icon.png",
			"type": "image",
			"name": "egret_icon_png"
		},
		{
			"url": "config/description.json",
			"type": "json",
			"name": "description_json"
		},
		{
			"url": "assets/Button/button_down.png",
			"type": "image",
			"name": "button_down_png"
		},
		{
			"url": "assets/Button/button_up.png",
			"type": "image",
			"name": "button_up_png"
		},
		{
			"url": "assets/pic/bigSheep.png",
			"type": "image",
			"name": "bigSheep_png"
		},
		{
			"url": "assets/pic/middleSheep.png",
			"type": "image",
			"name": "middleSheep_png"
		},
		{
			"url": "assets/pic/neutralitySheep.png",
			"type": "image",
			"name": "neutralitySheep_png"
		},
		{
			"url": "assets/pic/smallSheep.png",
			"type": "image",
			"name": "smallSheep_png"
		},
		{
			"url": "assets/pic/vegetables.png",
			"type": "image",
			"name": "vegetables_png"
		},
		{
			"url": "assets/pic/wolf.png",
			"type": "image",
			"name": "wolf_png"
		},
		{
			"url": "assets/pic/bigSheep.png",
			"type": "image",
			"name": "bigSheep2_png"
		},
		{
			"url": "assets/pic/middleSheep.png",
			"type": "image",
			"name": "middleSheep2_png"
		},
		{
			"url": "assets/pic/neutralitySheep.png",
			"type": "image",
			"name": "neutralitySheep2_png"
		},
		{
			"url": "assets/pic/smallSheep.png",
			"type": "image",
			"name": "smallSheep2_png"
		},
		{
			"url": "assets/pic/vegetables.png",
			"type": "image",
			"name": "vegetables2_png"
		},
		{
			"url": "assets/pic/wolf.png",
			"type": "image",
			"name": "wolf2_png"
		},
		{
			"url": "assets/CheckBox/checkbox_select_disabled.png",
			"type": "image",
			"name": "checkbox_select_disabled_png"
		},
		{
			"url": "assets/CheckBox/checkbox_select_down.png",
			"type": "image",
			"name": "checkbox_select_down_png"
		},
		{
			"url": "assets/CheckBox/checkbox_select_up.png",
			"type": "image",
			"name": "checkbox_select_up_png"
		},
		{
			"url": "assets/CheckBox/checkbox_unselect.png",
			"type": "image",
			"name": "checkbox_unselect_png"
		},
		{
			"url": "assets/ItemRenderer/selected.png",
			"type": "image",
			"name": "selected_png"
		},
		{
			"url": "assets/Panel/border.png",
			"type": "image",
			"name": "border_png"
		},
		{
			"url": "assets/Panel/header.png",
			"type": "image",
			"name": "header_png"
		},
		{
			"url": "assets/ProgressBar/thumb_pb.png",
			"type": "image",
			"name": "thumb_pb_png"
		},
		{
			"url": "assets/ProgressBar/track_pb.png",
			"type": "image",
			"name": "track_pb_png"
		},
		{
			"url": "assets/RadioButton/radiobutton_select_disabled.png",
			"type": "image",
			"name": "radiobutton_select_disabled_png"
		},
		{
			"url": "assets/RadioButton/radiobutton_select_down.png",
			"type": "image",
			"name": "radiobutton_select_down_png"
		},
		{
			"url": "assets/RadioButton/radiobutton_select_up.png",
			"type": "image",
			"name": "radiobutton_select_up_png"
		},
		{
			"url": "assets/RadioButton/radiobutton_unselect.png",
			"type": "image",
			"name": "radiobutton_unselect_png"
		},
		{
			"url": "assets/ScrollBar/roundthumb.png",
			"type": "image",
			"name": "roundthumb_png"
		},
		{
			"url": "assets/ScrollBar/track_sb.png",
			"type": "image",
			"name": "track_sb_png"
		},
		{
			"url": "assets/Slider/thumb.png",
			"type": "image",
			"name": "thumb_png"
		},
		{
			"url": "assets/Slider/track.png",
			"type": "image",
			"name": "track_png"
		},
		{
			"url": "assets/Slider/tracklight.png",
			"type": "image",
			"name": "tracklight_png"
		},
		{
			"url": "assets/ToggleSwitch/handle.png",
			"type": "image",
			"name": "handle_png"
		},
		{
			"url": "assets/ToggleSwitch/off.png",
			"type": "image",
			"name": "off_png"
		},
		{
			"url": "assets/ToggleSwitch/on.png",
			"type": "image",
			"name": "on_png"
		}
	]
}